idlocalizacion,idtipolocalizacion,latitud,longitud,nombre,descripcion,fechaactualizacion,informacionadicional,estado,valorcategoriai,valorcategoriaii,valorcategoriaiii,valorcategoriaiv,valorcategoriav,valorcategoriavi,valorcategoriavii,valorcategoriaviii,tipopeaje,sentido
2023897,2,435.145.292,-72.169.605,YUCAO,META,06/16/0019 12:00:00 AM,,E,8300,9400,19800,32200,36900,0,0,0,Concesion,1
850212,2,520.150.640,-74.820.344,HONDA,TOLIMA,10/01/2015 12:00:00 AM,0,E,6600,7100,15200,19400,21900,0,0,0,Concesion Departamental,1
2023884,2,803.128.350,-75.301.728,LA APARTADA,CORDOBA,02/01/2015 12:00:00 AM,,E,6600,7100,15200,19400,21900,0,0,0,Concesion,1
850335,2,979.000.002,-74.811.003,PUENTE PLATO,MAGDALENA,12/16/0030 12:00:00 AM,,E,7300,9200,19300,27200,29200,0,0,0,Concesion Departamental,1
850162,2,579.489.758,-73.477.438,PEAJE ARCABUCO,INVIAS ,05/01/2015 12:00:00 AM,,E,6600,7100,15200,19400,21900,0,0,0,Peaje Invias,1
850206,2,587.153.722,-74.610.629,PUERTO TRIUNFO,ANTIOQUIA,12/16/0026 12:00:00 AM,dd,E,9500,12200,12600,14200,29500,40000,45000,0,Concesion Departamental,3
963854,2,323.764.573,-76.384.778,VILLARICA,CAUCA,01/17/0018 12:00:00 AM,tttt,E,6900,8200,22200,28900,33300,0,0,0,Concesion Departamental,1
850258,2,479.447.081,-75.857.689,CERRITOS  II,RISARALDA,08/01/2015 12:00:00 AM,dedxdx,E,9600,11000,27100,35500,40600,0,0,0,Concesion,1
850154,2,510.424.725,-73.912.884,PEAJE CASABLANCA,CONCESIONARIA VIAL DE COLOMBIA - CONVICOL S.A.S.,10/01/2015 12:00:00 AM,Emergencia: 3105603441 - 3102362569,E,6600,7100,18200,22700,36500,0,0,0,Concesion,1
850204,2,350.122.272,-76.442.216,ESTAMBUL,VALLE DEL CAUCA,12/16/0026 12:00:00 AM,DFF,E,6900,8200,22200,28900,33300,0,0,0,Concesion Departamental,1
850215,2,297.749.027,-75.307.261,NEIVA,HUILA,12/16/0025 12:00:00 AM,DD,E,8700,9500,8700,11200,22700,30300,33300,0,Concesion,1
963860,2,506.540.538,-74.414.136,CAIQUERO,CUNDINAMARCA,12/16/0025 12:00:00 AM,0,E,7400,9700,23900,28800,33100,0,0,0,Concesion Departamental,1
850338,2,375.995.621,-76.411.298,MEDIACANOA,VALLE DEL CAUCA,12/16/0026 12:00:00 AM,ggft,E,6900,8200,22200,28900,33300,0,0,0,Concesion,1
2023885,2,682.563.735,-72.999.354,PEAJE LOS CUROS,CONCESIONARIA VIAL DE COLOMBIA - CONVICOL S.A.S.,02/01/2015 12:00:00 AM,Emergencia: 3105603441 - 3102362569,E,6600,7100,18200,22700,26500,0,0,0,Concesion,1
850062,2,942.957.444,-75.435.291,LA ESPERANZA,SUCRE,02/01/2015 12:00:00 AM,DRSDZ,E,6600,7100,15200,19400,21900,0,0,0,Concesion Departamental,1
15460,2,477.993.501,-74.184.266,SIBERIA,CUNDINAMARCA,12/16/0025 12:00:00 AM,gftgfg,E,8000,11400,9600,12800,22400,30000,33000,0,Concesion,1
850268,2,653.633.032,-75.074.777,CISNEROS,ANTIOQUIA,12/16/0020 12:00:00 AM,,E,6600,7100,15200,19400,21900,0,0,0,Concesion,1
850078,2,371.357.032,-76.319.587,PEAJE EL CERRITO,CONCESIÓN U.T. PARA EL DESARROLLO VÍAL DEL VALLE DEL CAUCA Y CAUCA,12/01/2015 12:00:00 AM,(2) 2800138 - 3164815871 Grúa: 3164815871,E,6900,8200,22200,28900,33300,0,0,0,Concesion,1
2026275,2,979.138.980,-74.809.037,PEAJE PUENTE PLATO,CONCESIÓN YUMA S.A.,12/16/0030 12:00:00 AM,3165298176 Grúa: 018000945566,E,7300,9200,19300,27200,29200,0,0,0,Concesion,2
2025651,2,605.080.937,-75.658.591,PEAJE AMAGÁ,INVIAS ,12/16/0026 12:00:00 AM,3122876555 - (4) 3388639 Grúa NO CUENTA CON SERVICIO,E,6600,7100,15200,19400,21900,0,0,0,Peaje Invias,2
850156,2,572.786.152,-73.744.670,PEAJE SABOYÁ,CONCESIONARIA VIAL DE COLOMBIA - CONVICOL S.A.S. ,05/01/2015 12:00:00 AM,Emergencia: 3105603441 - 3102362569,E,6600,7100,18200,22700,26600,0,0,0,Concesion,1
2025671,2,590.193.426,-74.690.421,PEAJE PUERTO TRIUNFO,CONCESIÓN DEVIMED,09/01/2015 12:00:00 AM,(4) 8341992 Grúa 018000518427,E,9500,12200,12600,14200,29500,40000,45000,0,Concesion,3
2027211,2,479.342.240,-75.860.114,PEAJE CERRITOS II,CONCESIÓN  DE OCCIDENTE S.A.,08/01/2015 12:00:00 AM,Peaje: 3128509233 - 3113042754 Grúa: 3138280776 / 77 Carro taller: 3104044111,E,9600,11000,27100,35500,40600,0,0,0,Concesion,3
2026247,2,114.450.523,-72.542.785,PEAJE ALTO DEL PINO,CONCESIÓN SANTA MARTA PARAGUACHÓN,12/16/0030 12:00:00 AM,3138891471 Grúa: 3138891471,E,7700,11800,9500,15100,22100,35500,44900,0,Concesion,1
963856,2,100.564.915,-73.922.481,PEAJE EL COPEY,CONCESIÓN YUMA,02/01/2015 12:00:00 AM,3165280504 Grúa 3182115596,E,6400,7000,16200,21300,24600,0,0,0,Concesion,3
963877,2,482.393.239,-74.031.542,PEAJE ANDES,CONCESIÓN  DEVINORTE S.A.,12/16/0026 12:00:00 AM,(1) 6761684 - 6760652 Grúa: 3125196546 - 3125194023,E,7000,12000,7600,17400,26300,34100,37100,0,Peaje Invias,2
2027835,2,278.532.386,-75.302.090,PEAJE LOS CAUCHOS,INVIAS ,11/01/2015 12:00:00 AM,Peaje: 3102157771 Grúa: No cuenta con servicio,E,6600,7100,15200,19400,21900,0,0,0,Peaje Invias,1
2026501,2,723.977.047,-73.149.251,PEAJE RIONEGRO,CONCESIÓN  AUTOPISTA DE SANTANDER S.A.,11/01/2015 12:00:00 AM,Peaje: (7) 6569259 Grúa: 3188884392,E,5900,6800,16600,21300,24400,0,0,0,Concesion,3
2025989,2,300.381.033,-75.306.793,PEAJE NEIVA,CONCESIÓN  SOLARTE Y SOLARTE,11/01/2015 12:00:00 AM,3153340692 Grúa: 3174340907 - 3153907756 - 3133144000 - 3153340727,E,8700,9500,8700,11200,22700,30300,33300,0,Concesion,1
2025815,2,504.290.533,-75.598.350,PEAJE SANTAGUEDA,CONCESIÓN AUTOPISTA DEL CAFÉ,06/01/2015 12:00:00 AM,3104884040 Grúa 3138176567,E,8300,10000,10000,10000,24500,30600,35500,0,Concesion,1
15452,2,418.861.127,-74.863.362,PEAJE FLANDES,CONCESIÓN  SOLARTE Y SOLARTE,09/01/2015 12:00:00 AM,Peaje: 3153340666 Grúa: 3153340727,E,8700,9500,8700,11200,22700,30300,33300,0,Concesion,1
2027533,2,574.945.859,-75.627.264,PEAJE  LA PINTADA,INVIAS ,12/01/2015 12:00:00 AM,Peaje: 3102464946 Grúa: No cuenta con servicio.,E,6600,7100,15200,19400,21900,0,0,0,Peaje Invias,3
850254,2,402.385.634,-73.775.464,PEAJE OCOA (Sardinata),CONCESIÓN  AUTOPISTAS DE LOS LLANOS S.A.,04/01/2015 12:00:00 AM,Grúa: #765 Gratuito - (8) 6700868 - 3138860370,E,7700,15400,8800,15400,22800,30400,33000,0,Concesion,2
2026973,2,639.581.942,-75.423.617,PEAJE TRAPICHE - CABILDO,CONCESIÓN HATOVIAL,08/01/2015 12:00:00 AM,Peaje: 3108992853 - (4) 2544670 Grúa: 0180005224477,E,8200,8700,9400,13500,22600,29700,33200,0,Concesion,2
2025971,2,506.355.814,-74.409.908,PEAJE CAIQUEROS,CONCESIÓN  SABANA DE OCCIDENTE,01/01/2015 12:00:00 AM,3102343149 - 315336931 Grúa 3003438164,E,7400,9700,23900,28800,33100,0,0,0,Concesion,1
850084,2,108.707.308,-77.409.329,PEAJE EL PLACER,CONCESIÓN  DEVINAR,12/16/0031 12:00:00 AM,3138710431 Grúa: 3144111930 - 3144111931 - 3012662355,E,8000,8500,17900,23200,26700,0,0,0,Concesion,2
850269,2,649.664.795,-74.501.388,PUERTO BERRÍO,INVIAS ,12/01/2015 12:00:00 AM,Peaje: 3183729221 Grúa: No cuenta con servicio,E,6800,7300,15500,19900,22600,0,0,0,Peaje Invias,1
2026239,2,482.990.347,-74.033.069,PEAJE ANDES,CONCESIÓN DEVINORTE S.A.,12/16/0030 12:00:00 AM,(1) 6761684 - 6760652 Grúa: 3125196546 ¿ 3125194023,E,7000,12000,7600,17400,26300,34100,37100,0,Concesion,3
2027927,2,364.414.867,-76.381.117,PEAJE ROZO,CONCESIÓN U.T. PARA EL DESARROLLO VÍAL DEL VALLE DEL CAUCA Y CAUCA,12/01/2015 12:00:00 AM,Peaje: 3182710375 Grúa: 3182710377,E,6900,8200,22200,28900,33300,0,0,0,Concesion,3
2025631,2,621.026.206,-75.556.836,PEAJE VARIANTE LAS PALMAS,CONCESIÓN TÚNEL DE ABURRÁ ORIENTE,12/16/0020 12:00:00 AM,3860923 - 3146313649 Grúa (4) 4448280,E,6700,8100,8100,8100,17800,23900,26800,0,Concesion,2
850081,2,270.094.105,-76.536.134,PEAJE TUNÍA,CONCESIÓN U.T. PARA EL DESARROLLO VÍAL DEL VALLE DEL CAUCA Y CAUCA,12/16/0030 12:00:00 AM,3182710374 Grúa 3164815871 - 3164696221,E,6900,8200,22200,28900,33300,0,0,0,Concesion,1
15450,2,453.578.764,-74.272.808,PEAJE CHUSACÁ,CONCESIÓN  AUTOPISTA BOGOTÁ - GIRARDOT.,10/01/2015 12:00:00 AM,Peaje: 3123437505 Grúa: 3175859719,E,8300,9400,19800,32200,36900,0,0,0,Concesion,1
2026243,2,112.765.678,-73.121.990,PEAJE EL EBANAL,CONCESIÓN SANTA MARTA PARAGUACHÓN,12/16/0030 12:00:00 AM,3138891472  Grúa: 3143300807,E,7700,11800,9500,15100,21100,35500,44900,0,Concesion,1
2028341,2,629.476.216,-74.456.655,PEAJE ZAMBITO,CONCESIÓN RUTA DEL SOL S.A.S.,01/17/0017 12:00:00 AM,Peaje: 3165298178 Grúa: 018000964440 - #737,E,7700,9800,22900,27400,32100,0,0,0,Concesion,1
2027885,2,615.058.468,-75.531.230,PEAJE LAS PALMAS,CONCESIÓN DEVIMED,12/01/2015 12:00:00 AM,Peaje: (4) 3860085  Grúa: 3860085 ¿ 018000518427,E,7000,8400,8400,8400,18600,25000,28000,0,Concesion,1
2026991,2,653.622.866,-75.074.923,PEAJE CISNEROS,INVIAS,12/01/2015 12:00:00 AM,Peaje: 3102462812 Grúa: No cuenta con servicio.,E,6600,7100,15200,19400,21900,0,0,0,Peaje Invias,2
2025611,2,640.888.441,-75.401.884,PEAJE CABILDO,CONCESIÓN HATOVIAL,12/01/2015 12:00:00 AM,2892224 - 3108992859 Grúa: 0180005224477,E,8200,8700,9400,13500,22600,29700,33200,0,Concesion,2
2026085,2,604.425.941,-75.663.886,PEAJE AMAGÁ,INVIAS ,12/16/0026 12:00:00 AM,3122876555 - (4) 3388639 Grúa: NO CUENTA CON SERVICIO,E,6600,7100,15200,19400,21900,0,0,0,Concesion,2
850602,2,467.848.520,-72.943.725,PEAJE SAN PEDRO,INVIAS ,12/16/0030 12:00:00 AM,3102464958 Grúa NO CUENTA CON SERVICIO,E,6800,7300,15500,19700,22100,0,0,0,Peaje Invias,3
2025615,2,605.866.174,-75.646.918,AMAGÁ,INVIAS ,12/16/0020 12:00:00 AM,3122876555 ¿ 3388639 Grúa NO CUENTA CON SERVICIO,E,6600,7100,15200,19400,21900,0,0,0,Peaje Invias,2
15456,2,493.224.433,-75.620.482,TARAPACÁ I,CALDAS,12/16/0023 12:00:00 AM,,E,9300,12100,12100,12100,30400,40200,45000,0,Concesion Departamental,1
2026979,2,639.583.808,-75.423.609,PEAJE TRAPICHE,CONCESIÓN HATOVIAL,08/01/2015 12:00:00 AM,Peaje: 3108992853 - (4) 2544670 Grúa:  0180005224477,E,8200,8700,9400,13500,22600,29700,33200,0,Concesion,2
2026225,2,462.710.516,-74.289.666,PEAJE RAMAL,CONCESIÓN DEVISAB,12/16/0029 12:00:00 AM,3208349155 Grúa: 3208349155,E,9200,10900,10900,12600,36600,50100,57200,0,Concesion Departamental,1
966864,2,723.973.539,-73.149.426,PEAJE RIONEGRO,CONCESIÓN  AUTOPISTA DE SANTANDER S.A.,02/01/2015 12:00:00 AM,6569259 Grúa: 3188884392,E,5900,6800,16600,21300,24400,0,0,0,Concesion,3
850252,2,431.450.333,-73.865.370,PEAJE PUENTE QUETAME,CONCESIÓN COVIANDES S.A.,10/01/2015 12:00:00 AM,Peaje: 3123060332 Grúa: 3105851322 - 3123060332,E,8200,21200,16100,31500,36700,42300,47000,0,Concesion,1
850341,2,909.135.340,-75.819.892,PEAJE MATA DE CAÑA,INVIAS ,02/01/2015 12:00:00 AM,3102468199 - 3145007265 Grúa: NO CUENTA CON SERVICIO,E,6600,7100,15200,19400,21900,0,0,0,Peaje Invias,3
2026223,2,462.699.874,-74.289.581,PEAJE RAMAL,CONCESIÓN DEVISAB,12/16/0029 12:00:00 AM,3208349155 Grúa: 3208349155,E,9200,10900,10900,12600,36600,50100,57200,0,Concesion,1
850083,2,142.727.158,-77.284.133,PEAJE CANO,CONCESIÓN  DEVINAR,12/01/2015 12:00:00 AM,Peaje: 3138710431 Grúa: 3144111930 - 3144111931 - 3012662355,E,3900,4100,0,0,0,0,0,0,Concesion,3
2025973,2,458.758.009,-74.336.814,PEAJE NUEVO SALTO DE TEQUENDAMA,CONCESIÓN TRONCAL DEL MAGDALENA OPEINVIAS S.A.S,10/01/2015 12:00:00 AM,3114810850 Grúa NO CUENTA CON SERVICIO,E,8400,10100,10200,12000,23400,36100,39200,0,Concesion,1
850203,2,352.315.992,-76.343.167,PEAJE CIAT,CONCESIÓN U.T. PARA EL DESARROLLO VÍAL DEL VALLE DEL CAUCA Y CAUCA,09/01/2015 12:00:00 AM,3113088087 Grúa: 3182710369,E,6900,8200,22200,28900,33300,0,0,0,Concesion,3
850068,2,596.895.154,-75.594.084,PEAJE PRIMAVERA,INVIAS ,09/01/2015 12:00:00 AM,Grúa (4) 8460403 - 3113504209,E,6600,7100,15200,19400,21900,0,0,0,Peaje Invias,3
15464,2,502.769.058,-73.843.185,PEAJE EL ROBLE,CONCESIÓN SOLARTE & SOLARTE,03/01/2015 12:00:00 AM,3203409278 Grúa: 3203409278,E,6500,7100,18200,22700,26600,0,0,0,Concesion,1
850074,2,113.679.989,-72.158.030,PEAJE PARAGUACHON,CONCESIÓN  SANTA MARTA PARAGUACHÓN,12/16/0030 12:00:00 AM,3138891470 Grúa: 3138891470,E,7700,11800,9500,15100,22100,35600,44900,0,Concesion,1
2023892,2,495.007.491,-75.618.687,TARAPACÁ II,CALDAS,12/16/0023 12:00:00 AM,,E,9300,12100,12100,12100,30400,40200,45000,0,Concesion,1
2027811,2,297.804.821,-75.307.252,PEAJE LOS CAUCHOS,INVIAS ,11/01/2015 12:00:00 AM,Peaje: 3102157771 Grúa: NO CUENTA CON SERVICIO,E,6600,7100,15200,19400,21900,0,0,0,Concesion,1
850260,2,533.243.849,-75.775.603,PEAJE SAN CLEMENTE,INVIAS  ,12/01/2015 12:00:00 AM,3128045249 Grúa NO CUENTA CON SERVICIO,E,6600,7100,15200,19400,21900,0,0,0,Concesion,1
2025983,2,445.191.549,-74.649.818,PEAJE PUBENZA,CONCESIÓN DEVISAB,10/01/2015 12:00:00 AM,Grúa: 3208349155,E,6800,7900,8900,11800,17100,22800,26200,0,Concesion,1
850253,2,420.064.385,-73.723.041,PEAJE PIPIRAL,CONCESIÓN  COVIANDES,11/01/2015 12:00:00 AM,Peaje: 3214698772 Grúa: 3105851322,E,13300,26400,18000,31500,34300,52600,68000,0,Concesion,3
2025623,2,604.637.103,-75.667.174,PEAJE AMAGÁ,INVIAS ,12/16/0020 12:00:00 AM,3122876555 - 3388639 Grúa NO CUENTA CON SERVICIO,E,6600,7100,15200,19400,21900,0,0,0,Peaje Invias,2
2025967,2,863.025.080,-75.763.204,PEAJE PURGATORIO,CONCESIÓN VÍAS DE LAS AMÉRICAS,02/01/2015 12:00:00 AM,3116346239 Grúa GRUA:3205165301 - Carro Taller: 3116346193 - Ambulancia:3135722893,E,6700,7300,15500,20100,22700,0,0,0,Concesion,1
2025751,2,474.829.289,-74.165.852,LA TEBAIDA,CONCESIÓN DEVISAB,12/16/0029 12:00:00 AM,PEAJE 3208349155  Grúa: 3208349155,E,9200,10900,10900,12690,28100,34500,36600,0,Concesion,1
2026079,2,482.561.719,-74.034.181,PEAJE ANDES,CONCESIÓN  DEVINORTE S.A.,12/16/0030 12:00:00 AM,(1) 6761684 - 6760652 Grúa: 3125196546 ¿ 3125194023,E,7000,12000,7600,17400,26300,34100,37100,0,Concesion,3
850346,2,108.001.023,-72.975.462,PEAJE SAN JUAN,INVIAS ,07/01/2015 12:00:00 AM,Peaje: 3132461738 Grúa: NO CUENTA CON SERVICIO,E,6800,7300,15500,19700,22100,0,0,0,Peaje Invias,1
2026291,2,113.673.613,-72.156.783,PEAJE PARAGUACHÓN,CONCESIÓN  SANTA MARTA PARAGUACHÓN S.A.,07/01/2015 12:00:00 AM,Peaje: 3138891470 Grúa: 3138891470,E,7700,11800,9500,15100,22100,35600,44900,0,Concesion,1
2027153,2,278.565.339,-75.302.000,PEAJE LOS CAUCHOS,INVIAS ,10/01/2015 12:00:00 AM,Peaje: 3102157771 Grúa: NO CUENTA CON SERVICIO,E,6600,7100,15200,19400,21900,0,0,0,Concesion,1
2026951,2,639.587.073,-75.423.590,TRAPICHE,CONCESIÓN HATOVIAL,08/01/2015 12:00:00 AM,Peaje: 2892224 ¿ 3108992859  Grúa: 0180005224477,E,8200,8700,9400,13500,22600,29700,33200,0,Concesion,2
850061,2,986.350.704,-75.399.060,PEAJE SAN ONOFRE,INVIAS ,02/01/2015 12:00:00 AM,3102454217 Grúa: NO CUENTA CON SERVICIO,E,6200,6900,14900,18800,21600,0,0,0,Concesion,3
2025769,2,621.705.025,-75.551.131,PEAJE VARIANTE LAS PALMAS,CONCESIÓN TUNEL DE ABURRÁ ORIENTE,12/16/0026 12:00:00 AM,3860923 ¿ 3146313649 Grúa (4) 4448280,E,6700,8100,8100,8100,17800,23900,26800,0,Concesion,2
2025987,2,446.850.344,-74.280.043,PEAJE SAN MIGUEL,GOBERNACIÓN DE CUNDINAMARCA,12/01/2015 12:00:00 AM,Grúa: NO CUENTA CON SERVICIO,E,5500,6800,18000,32000,34000,0,0,0,Concesion Departamental,1
2025977,2,464.191.458,-74.309.921,PEAJE MONDOÑEDO,CONCESIÓN DEVISAB,12/16/0029 12:00:00 AM,3208349155 Grúa: 3208349155,E,9200,10900,10900,12600,36600,50100,57200,0,Concesion,1
850077,2,397.235.083,-76.252.653,PEAJE BETANIA,CONCESIÓN PISA.PROYECTOS DE INFRAESTRUCTURA S.A,12/01/2015 12:00:00 AM,3155602442 Grúa: (2) 2238660,E,7000,9300,21600,29300,32400,0,0,0,Concesion,1
850340,2,575.092.176,-75.628.781,PEAJE LA PINTADA,INVIAS ,09/01/2015 12:00:00 AM,3102464946 Grúa NO CUENTA CON SERVICIO,E,6600,7100,15200,19400,21900,0,0,0,Peaje Invias,3
2023878,2,411.265.462,-72.834.789,PEAJE CASETABLA,CONCESIÓN COVIANDES,04/01/2015 12:00:00 AM,3102466017 Grúa:NO CUENTA CON SERVICIO,E,3500,3700,15500,19700,22100,0,0,0,Concesion,2
963853,2,604.689.136,-75.659.848,AMAGÁ,ANTIOQUIA,12/16/0020 12:00:00 AM,,E,6600,7100,15200,19400,21900,0,0,0,Peaje Invias,3
2025975,2,481.077.507,-74.216.854,PEAJE SIBERIA,CONCESIÓN  SABANA DE OCCIDENTE,01/01/2015 12:00:00 AM,3137212880 Grúa: 3102613190,E,8000,11400,9600,12800,22400,30000,33000,4200,Concesion,1
2025619,2,653.504.741,-75.136.054,PEAJE CISNEROS,INVIAS ,06/01/2015 12:00:00 AM,3102462812 Grúa NO CUENTA CON SERVICIO,E,6600,7100,15200,19400,21900,0,0,0,Peaje Invias,2
2026245,2,114.450.918,-72.542.955,PEAJE ALTO DEL PINO,CONCESIÓN SANTA MARTA PARAGUACHÓN,12/16/0030 12:00:00 AM,3138891471 Grúa: 3138891471,E,7700,11800,9500,15100,22100,35500,44900,0,Concesion,1
850152,2,426.946.500,-74.500.115,PEAJE CHINAUTA,CONCESIÓN  AUTOPISTA BOGOTÁ - GIRARDOT.,06/01/2015 12:00:00 AM,Peaje: 3123437505 Grúa: 3157719439 - 3175859719,E,8300,9400,19800,32200,36900,0,0,0,Concesion,1
2027219,2,647.785.476,-75.378.532,PAN DE QUESO,INVIAS ,12/01/2015 12:00:00 AM,Peaje: 8664105 ¿ 3108992850 Grúa:  4012277 ¿ 018000524477,E,6700,7300,15500,19900,22600,0,0,0,Peaje Invias,3
2023894,2,466.435.966,-76.050.005,PEAJE TORO,INVIAS ,09/01/2015 12:00:00 AM,3128026341 Grúa: NO CUENTA CON SERVICIO,E,6600,7100,15200,19400,21900,0,0,0,Peaje Invias,1
2026251,2,632.791.920,-75.515.950,PEAJE GUARNE,CONCESIÓN DEVIMED,12/01/2015 12:00:00 AM,Peaje: (4) 4080842 - 3860085 Grúa: 3206588921 - 3128199563,E,9500,12200,12600,14200,29500,40000,45000,0,Concesion,2
2026087,2,605.253.657,-75.659.308,PEAJE AMAGÁ,INVIAS ,09/01/2015 12:00:00 AM,3122876555 - (4) 3388639 Grúa: NO CUENTA CON SERVICIO,E,6600,7100,15200,19400,21900,0,0,0,Peaje Invias,2
14510,2,489.531.958,-74.446.804,PEAJE JALISCO,CONCESIÓN PANAMERICANA,12/01/2015 12:00:00 AM,3102576509 Grúa: 3102576509,E,10600,14500,12100,16800,30200,39000,46900,0,Concesion,1
15455,2,469.880.499,-75.606.117,PEAJE CIRCASIA,CONCESIÓN  AUTOPISTA DEL CAFÉ,10/01/2015 12:00:00 AM,Peaje: 3102365137 Grúa: 3138176567,E,11000,14000,14000,14000,34200,41900,46600,0,Concesion,1
850601,2,426.005.065,-73.450.551,PEAJE VERACRUZ,CONCESIÓN  AUTOPISTAS DE LOS LLANOS S.A.,11/01/2015 12:00:00 AM,Grúa: #765 Gratuito (8) 6700868 - 3138860371,E,5400,10800,7000,10800,15400,20700,23200,0,Concesion,2
2027833,2,278.523.747,-75.302.091,PEAJE LOS CAUCHOS,INVIAS ,11/01/2015 12:00:00 AM,Peaje: 3102157771 Grúa: No cuenta con servicio,E,6600,7100,15200,19400,21900,0,0,0,Peaje Invias,1
850065,2,75.892.704,-75.393.525,PEAJE TARAZÁ,INVIAS ,09/01/2015 12:00:00 AM,3102463888 Grúa NO CUENTA CON SERVICIO,E,6800,7300,15500,19900,22600,0,0,0,Peaje Invias,2
966865,2,710.353.745,-73.189.561,PEAJE LEBRIJA,CONCESIÓN  AUTOPISTA DE SANTANDER S.A.,11/01/2015 12:00:00 AM,3188884392 Grúa: 3188884389 - 3153547479,E,5900,6800,16600,21300,24400,0,0,0,Concesion,3
2025991,2,979.470.896,-74.775.004,PEAJE PUENTE PLATO,CONCESIÓN YUMA S.A.,12/16/0030 12:00:00 AM,3165298176 Grúa: 018000945566,E,7300,9200,19300,27200,29200,0,0,0,Concesion,2
2028173,2,479.357.403,-75.859.820,PEAJE CERRITOS II,CONCESIÓN  DE OCCIDENTE S.A.,01/17/0015 12:00:00 AM,Peaje: 3128509233 - 3113042754  Grúa: 3138280776 / 77 Carro taller: 3104044111,E,9600,11000,27100,35500,40600,0,0,0,Concesion,3
14516,2,963.366.936,-73.636.495,PEAJE LA LOMA,CONCESIÓN YUMA,02/01/2015 12:00:00 AM,3158210547 Grúa 3166917027,E,6600,7200,15500,20000,22700,0,0,0,Concesion,3
963859,2,860.491.494,-75.484.825,PEAJE CARIMAGUA,INVIAS ,02/01/2015 12:00:00 AM,3102467110 - 3145008548 Grúa: NO CUENTA CON SERVICIO,E,6800,7300,15500,19700,22100,0,0,0,Peaje Invias,3
2023895,2,565.788.823,-73.277.621,PEAJE TUTA,CONCESIÓN SOLARTE Y SOLARTE,05/01/2015 12:00:00 AM,3174422284 Grúa 3164806084 ¿ 3174340845,E,6500,7100,18200,22700,26600,0,0,0,Concesion,1
14521,2,108.378.198,-74.902.045,PEAJE GALAPA,CONCESIÓN AUTOPISTA DEL SOL,12/16/0030 12:00:00 AM,Grúa NO CUENTA CON SERVICIO,E,6500,7100,15800,21000,22700,0,0,0,Concesion,1
2025633,2,589.760.854,-74.672.174,PEAJE PUERTO TRIUNFO,CONCESIÓN DEVIMED,12/16/0026 12:00:00 AM,(4) 8341992 Grúa 018000518427,E,9500,12200,12600,14200,29500,40000,45000,0,Concesion,3
850072,2,112.765.311,-73.121.957,PEAJE EL EBANAL,CONCESIÓN  SANTA MARTA PARAGUACHÓN,12/16/0030 12:00:00 AM,3138891472 Grúa: 3143300807,E,7700,11800,9500,15100,22100,35500,44900,0,Concesion,1
15463,2,529.630.674,-73.583.824,PEAJE ALBARRACÍN,CONCESIÓN SOLARTE Y SOLARTE,12/01/2015 12:00:00 AM,3106193306 Grúa 3174422284,E,6500,7100,18200,22700,26600,0,0,0,Concesion,1
2025621,2,621.174.106,-75.550.510,PEAJE VARIANTE LAS PALMAS,CONCESIÓN TÚNEL DE ABURRÁ ORIENTE,12/16/0020 12:00:00 AM,(4) 3860923 - 3146313649 Grúa (4) 4448280,E,6700,8100,8100,8100,17800,23900,26800,0,Concesion,2
850209,2,982.469.256,-74.284.950,PEAJE EL DIFÍCIL,CONCESIÓN YUMA S.A.,12/16/0030 12:00:00 AM,3165298176 Grúa: 018000945566,E,7300,9200,19300,27200,29200,0,0,0,Concesion,2
14515,2,808.374.109,-73.555.620,PEAJE MORRISON,CONCESIÓN RUTA DEL SOL S.A.S,04/01/2015 12:00:00 AM,3165280402 Grúa 018000964440 - #737,E,6900,7500,15700,20200,22900,0,0,0,Concesion,3
2027317,2,615.882.887,-75.518.365,VARIANTE LAS PALMAS,CONCESIÓN TUNEL DE ABURRÁ ORIENTE,08/01/2015 12:00:00 AM,Peaje: 3860923 ¿ 3146313649 Grúa: (4) 4448280,E,6700,8100,8100,8100,17800,23900,26800,0,Concesion,2
962853,2,615.059.187,-75.531.163,PEAJE LAS PALMAS,CONCESIÓN DEVIMED,08/01/2015 12:00:00 AM,Peaje: (4) 3860085 Grúa 3860085 - 018000518427,E,7000,8400,8400,8400,18600,25000,28000,0,Concesion,3
2023889,2,399.553.713,-76.328.491,PEAJE RIOFRÍO,INVIAS ,09/01/2015 12:00:00 AM,3128026341 Grúa: NO CUENTA CON SERVICIO,E,6600,7100,15200,19400,21900,0,0,0,Peaje Invias,1
850265,2,636.823.324,-75.711.337,PEAJE SAN CRISTÓBAL,CONCESIÓN DEPARTAMENTAL,09/01/2015 12:00:00 AM,(4) 4277061 Grúa (4) 4385013,E,12900,14600,31800,41300,49400,0,0,0,Concesion,2
850164,2,625.941.717,-74.489.019,PEAJE ZAMBITO,CONCESIÓN  RUTA DEL SOL S.A.S.,01/17/0017 12:00:00 AM,Peaje: 3165298178 Grúa: 018000964440 - #737,E,7700,9800,22900,27400,32100,0,0,0,Concesion,1
2025765,2,620.612.842,-75.543.921,PEAJE VARIANTE LAS PALMAS,CONCESIÓN TUNEL DE ABURRÁ ORIENTE,12/16/0026 12:00:00 AM,3860923 ¿ 3146313649 Grúa (4) 4448280,E,6700,8100,8100,8100,17800,23900,26800,0,Concesion,2
2027783,2,469.808.934,-75.606.156,PEAJE CIRCASÍA,CONCESIÓN  AUTOPISTA DEL CAFÉ,10/01/2015 12:00:00 AM,Peaje: 3102365137 Grúa: 3138176567,E,11000,14000,14000,14000,34200,41900,46600,0,Concesion,1
850073,2,114.449.178,-72.543.040,PEAJE ALTO EL PINO,CONCESIÓN  SANTA MARTA PARAGUACHÓN,12/16/0030 12:00:00 AM,3138891471 Grúa 3138891471,E,7700,11800,9500,15100,22100,35500,44900,0,Concesion,1
850067,2,651.048.758,-75.394.842,PEAJE PAN DE QUESO,INVIAS ,08/01/2015 12:00:00 AM,(4) 8664105 - 3108992850 Grúa (4) 4012277 - 018000524477,E,6700,7300,15500,19900,22600,0,0,0,Peaje Invias,3
2023883,2,932.093.673,-75.318.012,PEAJE LAS FLORES,CONCESIÓN AUTOPISTA DE LA SABANA,02/01/2015 12:00:00 AM,3124908070 - 3108927642 - 3124908561 Grúa: (5) 2484322 Ext: 104 - 3138884370,E,3100,8900,10800,0,0,0,0,0,Concesion,2
850216,2,278.563.417,-75.301.865,PEAJE LOS CAUCHOS,INVIAS ,07/01/2015 12:00:00 AM,3102157771 Grúa: NO CUENTA CON SERVICIO,E,6600,7100,15200,19400,21900,0,0,0,Peaje Invias,1
2027217,2,639.566.616,-75.423.706,CABILDO,CONCESIÓN HATOVIAL,08/01/2015 12:00:00 AM,Peaje: 2892224 ¿ 3108992859  Grúa: 0180005224477,E,8200,8700,9400,13500,22600,29700,33200,0,Concesion,2
850255,2,363.554.222,-73.706.125,PEAJE IRACÁ,CONCESIÓN  AUTOPISTAS DE LOS LLANOS S.A.,11/01/2015 12:00:00 AM,Grúa: #765 Gratuito - (8) 6700868,E,7700,15400,8800,15400,22800,30400,32800,0,Concesion,2
2026491,2,772.159.440,-72.571.313,PEAJE LOS ACACIOS,CONCESIÓN SAN SIMÓN S.A.,11/01/2015 12:00:00 AM,Peaje: 3217461666 Grúa: NO CUENTA CON SERVICIO,E,4900,7000,15500,20000,22700,0,0,0,Concesion,2
2025613,2,621.705.025,-75.560.057,PEAJE VARIANTE LAS PALMAS,CONCESIÓN TÚNEL DE ABURRÁ ORIENTE,12/16/0020 12:00:00 AM,3860923 ¿ 3146313649 Grúa (4) 4448280,E,6700,8100,8100,8100,17800,23900,26800,0,Concesion,2
2026235,2,612.942.143,-75.255.266,PEAJE DE SANTUARIO,CONCESIÓN DEVIMED,09/01/2015 12:00:00 AM,Peaje: (4) 5460614 Grúa: (4)  3860085 - 018000518427,E,9500,12200,12600,14200,29500,40000,45000,0,Concesion,3
2025947,2,476.449.467,-75.896.080,PEAJE CERRITOS,CONCESIÓN  DE OCCIDENTE S.A.,11/01/2015 12:00:00 AM,3128509233 - 3113042754 - 3132158 Carro taller: 3104044111 - Grúa: 3138280776 / 77,E,9600,11000,27100,35500,40600,0,0,0,Concesion,3
850214,2,339.857.301,-75.203.385,PEAJE EL PATÁ,CONCESIÓN  SOLARTE Y SOLARTE,07/01/2015 12:00:00 AM,3187168997 Grúa: 3174340907 - 3153907756 - 3133144000 - 3153340727,E,8700,10000,9100,11700,24800,33300,36300,0,Concesion,1
850075,2,432.541.444,-76.067.403,PEAJE COROZAL,CONCESIÓN AUTOPISTA DEL CAFÉ,12/01/2015 12:00:00 AM,3105054639 Grúa: 3138176567 - (6) 3280062,E,8300,10000,10000,10000,24500,30600,35500,0,Concesion,1
2025627,2,590.580.462,-74.707.880,PEAJE PUERTO TRIUNFO,CONCESIÓN DEVIMED,01/17/0014 12:00:00 AM,(4) 8341992 Grúa 018000518427,E,9500,12200,12600,14200,29500,40000,45000,0,Concesion,3
964892,2,791.037.342,-72.469.788,PEAJE EL ESCOBAL,CONCESIÓN SAN SIMÓN S.A.,02/01/2015 12:00:00 AM,3138745874 Grúa: 3208581397,E,2000,2000,2000,2000,2000,2000,2000,0,Concesion,3
2026273,2,979.138.650,-74.809.050,PEAJE PUENTE PLATO,CONCESIÓN YUMA S.A.,12/16/0030 12:00:00 AM,3165298176 Grúa: 018000945566,E,7300,9200,19300,27200,29200,0,0,0,Concesion,2
964893,2,786.604.519,-72.483.171,PEJE LA PARADA,CONCESIÓN SAN SIMÓN S.A.,02/01/2015 12:00:00 AM,3203458012 Grúa: 3203452139,E,2000,2000,2000,2000,2000,2000,2000,2000,Concesion,2
850213,2,815.963.196,-75.431.777,PEAJE LA APARTADA,INVIAS ,11/01/2015 12:00:00 AM,3102467118 - 3145006006 Grúa: NO CUENTA CON SERVICIO,E,6600,7100,15200,19400,22100,0,0,0,Peaje Invias,3
2023896,2,425.300.154,-76.119.069,PEAJE LA URIBE,CONCESIÓN PISA.PROYECTOS DE INFRAESTRUCTURA S.A,09/01/2015 12:00:00 AM,,E,7200,9300,21600,29300,32400,0,0,0,Concesion,1
2025763,2,621.534.373,-75.549.071,PEAJE VARIANTE LAS PALMAS,CONCESIÓN TÚNEL DE ABURRÁ ORIENTE,08/01/2015 12:00:00 AM,3860923 - 3146313649 Grúa (4) 4448280,E,6700,8100,8100,8100,17800,23900,26800,0,Concesion,2
2023882,2,127.076.629,-77.265.351,PEAJE DAZA,CONCESIÓN  DEVINAR,12/16/0031 12:00:00 AM,3138710431 Grúa: 3144111930 - 3144111931 - 3012662355,E,4200,4400,17900,23200,26700,0,0,0,Concesion,3
850259,2,499.902.214,-75.858.867,PEAJE ACAPULCO,INVIAS ,08/01/2015 12:00:00 AM,3102455353 Grúa: 3103792733,E,6600,7100,15200,19400,21900,0,0,0,Peaje Invias,1
2023886,2,885.303.294,-73.669.625,PEAJE PAILITAS,CONCESIÓN RUTA DEL SOL S.A.S,02/01/2015 12:00:00 AM,3185280395 Grúa 018000964440 - #737,E,6900,7500,15700,20200,22900,0,0,0,Concesion,1
850219,2,565.701.412,-72.926.973,PEAJE CRUCERO,INVIAS ,12/01/2015 12:00:00 AM,3134819171 Grúa NO CUENTA CON SERVICIO,E,6600,7100,15200,19400,21900,0,0,0,Peaje Invias,1
850211,2,772.318.074,-72.568.770,PEAJE LOS ACACIOS,CONCESIÓN SAN SIMÓN S.A.,02/01/2015 12:00:00 AM,3217461666 Grúa: NO CUENTA CON SERVICIO,E,4900,7000,15500,20000,22700,0,0,0,Concesion,2
14509,2,474.809.867,-74.290.248,PEAJE CORZO,CONCESIÓN  CCFC S.A.,01/01/2015 12:00:00 AM,3103042774 Grúa: 3002134184,E,6500,9600,8300,11100,18800,25400,27500,0,Concesion,1
850337,2,102.582.933,-73.432.524,PEAJE VALENCIA,CONCESIÓN YUMA,02/01/2015 12:00:00 AM,3165280411 Grúa 3168317717,E,6600,7200,15500,20000,22700,0,0,0,Concesion,3
850337,2,102.582.933,-73.432.524,PEAJE VALENCIA,CONCESIÓN YUMA,02/01/2015 12:00:00 AM,3165280411 Grúa 3168317717,E,6600,7200,15500,20000,22700,0,0,0,Concesion,3
2023881,2,612.463.477,-75.243.025,PEAJE COCORNÁ,ANTIOQUIA,12/16/0029 12:00:00 AM,(4) 5460614 Grúa 3860085 - 018000518427,E,9500,12200,12600,14200,29500,40000,45000,0,Concesion,3
14519,2,109.772.734,-74.335.633,PEAJE TASAJERA,CONCESIÓN  BARRANQUILLA - CIÉNAGA,12/16/0030 12:00:00 AM,3106328761 Grúa: 3106303030,E,8900,10500,13700,17100,24700,32700,36900,0,Concesion,3
850056,2,430.012.229,-75.049.707,PEAJE GUALANDAY,CONCESIÓN  SAN RAFAEL S.A.,09/01/2015 12:00:00 AM,3148887093 Grúa: 3212087489 - 3202040158 - 3125486602,E,7800,9300,22100,29500,32500,0,0,0,Concesion,3
2026215,2,463.700.011,-74.294.494,PEAJE MONDOÑEDO,CONCESIÓN DEVISAB,12/16/0029 12:00:00 AM,3208349155 Grúa: 3208349155,E,9200,10900,10900,12600,36600,50100,57200,0,Concesion,1
2025673,2,639.955.063,-75.416.136,PEAJE CABILDO,CONCESIÓN HATOVIAL,12/16/0020 12:00:00 AM,2892224 ¿ 3108992859 Grúa 0180005224477,E,8200,8700,9400,13500,22600,29700,33200,0,Concesion,2
2026417,2,986.359.451,-75.399.382,PEAJE SAN ONOFRE,INVIAS ,11/01/2015 12:00:00 AM,Peaje: 3102454217 Grúa: NO CUENTA CON SERVICIO,E,6200,6900,14900,18900,21600,0,0,0,Peaje Invias,2
2026281,2,112.763.232,-73.122.056,PEAJE EL EBANAL,CONCESIÓN SANTA MARTA PARAGUACHÓN,12/16/0030 12:00:00 AM,3138891472 Grúa: 3143300807,E,7700,11800,9500,15100,21100,35500,44900,0,Concesion,1
850208,2,632.804.352,-75.514.211,PEAJE GUARNE,CONCESIÓN DEVIMED,12/16/0029 12:00:00 AM,4080842 - 3860085 Grúa 3206588921 - 3128199563,E,9500,12200,12600,14200,29500,40000,45000,0,Concesion,2
850262,2,102.080.724,-74.945.110,PEAJE CALAMAR,INVIAS ,11/01/2015 12:00:00 AM,Peaje: 3102453170 Grúa NO CUENTA CON SERVICIO,E,6600,7100,15200,19400,21900,0,0,0,Peaje Invias,1
2028339,2,629.313.650,-74.454.108,PEAJE ZAMBITO,CONCESIÓN RUTA DEL SOL S.A.S.,01/17/0017 12:00:00 AM,Peaje: 3165298178 Grúa: 018000964440 - #737,E,7700,9800,22900,27400,32100,0,0,0,Concesion,1
2025981,2,462.710.239,-74.467.307,PEAJE SAN PEDRO,CONCESIÓN DEVISAB,10/01/2015 12:00:00 AM,3123947801 - 3123947801 Grúa:,E,8500,9500,10900,14900,31900,41500,48000,0,Concesion,1
14523,2,110.127.569,-74.889.551,PAPIROS,CONCESIÓN VÍA AL MAR,12/16/0030 12:00:00 AM,3173317167 Grúa 3176439606,E,4100,4700,9400,16300,50900,67900,75300,0,Concesion,3
15459,2,505.191.975,-75.594.178,PEAJE SAN BERNARDO  (TRINIDAD II),CONCESIÓN AUTOPISTA DEL CAFÉ,06/01/2015 12:00:00 AM,3104884040 Grúa 3138176567,E,8300,10000,10000,10000,24500,30600,35500,0,Concesion,1
2025993,2,106.659.213,-74.160.985,PEAJE TUCURINCA,CONCESIÓN YUMA S.A.,12/16/0030 12:00:00 AM,3176486588 Grúa: 018000945566,E,6400,7000,16200,21300,24600,0,0,0,Concesion,2
2026231,2,612.950.929,-75.255.251,PEAJE DE SANTUARIO,CONCESIÓN DEVIMED,12/16/0029 12:00:00 AM,Peaje: (4) 5460614 Grúa: (4) 3860085 - 018000518427,E,9500,12200,12600,14200,29500,40000,45000,0,Concesion,3
850071,2,112.528.173,-74.109.781,PEAJE NEGUANJE,CONCESIÓN  SANTA MARTA - PARAGUACHÓN,12/16/0030 12:00:00 AM,3138891473 Grúa: 3138891473,E,7700,11800,9500,15100,22100,35600,44900,0,Concesion,3
2023880,2,422.620.844,-74.975.158,PEAJE CHICORAL,CONCESIÓN  SAN RAFAEL S.A.,10/01/2015 12:00:00 AM,3148887095 Grúa: 3138863287,E,8700,9500,8700,11300,22600,30300,33300,0,Concesion,1
2027323,2,615.882.021,-75.518.423,VARIANTE LAS PALMAS,CONCESIÓN TUNEL DE ABURRÁ ORIENTE,08/01/2015 12:00:00 AM,Peaje: 3860923 - 3146313649  Grúa: (4) 4448280,E,6700,8100,8100,8100,17800,23900,26800,0,Concesion,2
2026213,2,463.708.165,-74.294.459,PEAJE MONDOÑEDO,CONCESIÓN DEVISAB,12/16/0029 12:00:00 AM,3208349155 Grúa: 3208349155,E,9200,10900,10900,12600,36600,50100,57200,0,Concesion,1
2026961,2,639.583.875,-75.423.606,PEAJE TRAPICHE - CABILDO,CONCESIÓN HATOVIAL,08/01/2015 12:00:00 AM,Peaje: 2892224 ¿ 3108992859 Grúa: 0180005224477,E,8200,8700,9400,13500,22600,29700,33200,0,Concesion,2
2027551,2,604.677.654,-75.660.316,PEAJE AMAGÁ,INVIAS ,12/01/2015 12:00:00 AM,Peaje: 3122876555 ¿ 3388639 Grúa: No cuenta con servicio.,E,6600,7100,15200,19400,21900,0,0,0,Peaje Invias,2
2025591,2,635.125.657,-75.508.171,PEAJE TRAPICHE,CONCESIÓN HATOVIAL,08/01/2015 12:00:00 AM,3108992853 - (4) 2544670,E,8200,8700,9400,13500,22600,29700,33200,0,Concesion,2
